"address","tokens00000000000000000"
"0x0000000000000000000000000000000000000001","100000000000000000"
"0x0000000000000000000000000000000000000002","200000000000000000"
"0x0000000000000000000000000000000000000003","300000000000000000"
"0x0000000000000000000000000000000000000004","400000000000000000"
"0x0000000000000000000000000000000000000005","500000000000000000"
"0x0000000000000000000000000000000000000006","600000000000000000"
"0x0000000000000000000000000000000000000007","700000000000000000"
"0x0000000000000000000000000000000000000008","800000000000000000"
"0x0000000000000000000000000000000000000009","900000000000000000"
"0x0000000000000000000000000000000000000010","1000000000000000000"
"0x0000000000000000000000000000000000000011","1100000000000000000"
"0x0000000000000000000000000000000000000012","1200000000000000000"
"0x0000000000000000000000000000000000000013","1300000000000000000"
"0x0000000000000000000000000000000000000014","1400000000000000000"
"0x0000000000000000000000000000000000000015","1500000000000000000"
"0x0000000000000000000000000000000000000016","1600000000000000000"
"0x0000000000000000000000000000000000000017","1700000000000000000"
"0x0000000000000000000000000000000000000018","1800000000000000000"
"0x0000000000000000000000000000000000000019","1900000000000000000"
"0x0000000000000000000000000000000000000020","2000000000000000000"
"0x0000000000000000000000000000000000000021","2100000000000000000"
"0x0000000000000000000000000000000000000022","2200000000000000000"
"0x0000000000000000000000000000000000000023","2300000000000000000"
"0x0000000000000000000000000000000000000024","2400000000000000000"
"0x0000000000000000000000000000000000000025","2500000000000000000"
"0x0000000000000000000000000000000000000026","2600000000000000000"
"0x0000000000000000000000000000000000000027","2700000000000000000"
"0x0000000000000000000000000000000000000028","2800000000000000000"
"0x0000000000000000000000000000000000000029","2900000000000000000"
"0x0000000000000000000000000000000000000030","3000000000000000000"
"0x0000000000000000000000000000000000000031","3100000000000000000"
"0x0000000000000000000000000000000000000032","3200000000000000000"
"0x0000000000000000000000000000000000000033","3300000000000000000"
"0x0000000000000000000000000000000000000034","3400000000000000000"
"0x0000000000000000000000000000000000000035","3500000000000000000"
"0x0000000000000000000000000000000000000036","3600000000000000000"
"0x0000000000000000000000000000000000000037","3700000000000000000"
"0x0000000000000000000000000000000000000038","3800000000000000000"
"0x0000000000000000000000000000000000000039","3900000000000000000"
"0x0000000000000000000000000000000000000040","4000000000000000000"
"0x0000000000000000000000000000000000000041","4100000000000000000"
"0x0000000000000000000000000000000000000042","4200000000000000000"
"0x0000000000000000000000000000000000000043","4300000000000000000"
"0x0000000000000000000000000000000000000044","4400000000000000000"
"0x0000000000000000000000000000000000000045","4500000000000000000"
"0x0000000000000000000000000000000000000046","4600000000000000000"
"0x0000000000000000000000000000000000000047","4700000000000000000"
"0x0000000000000000000000000000000000000048","4800000000000000000"
"0x0000000000000000000000000000000000000049","4900000000000000000"
"0x0000000000000000000000000000000000000050","5000000000000000000"
"0x0000000000000000000000000000000000000051","5100000000000000000"
"0x0000000000000000000000000000000000000052","5200000000000000000"
"0x0000000000000000000000000000000000000053","5300000000000000000"
"0x0000000000000000000000000000000000000054","5400000000000000000"
"0x0000000000000000000000000000000000000055","5500000000000000000"
"0x0000000000000000000000000000000000000056","5600000000000000000"
"0x0000000000000000000000000000000000000057","5700000000000000000"
"0x0000000000000000000000000000000000000058","5800000000000000000"
"0x0000000000000000000000000000000000000059","5900000000000000000"
"0x0000000000000000000000000000000000000060","6000000000000000000"
"0x0000000000000000000000000000000000000061","6100000000000000000"
"0x0000000000000000000000000000000000000062","6200000000000000000"
"0x0000000000000000000000000000000000000063","6300000000000000000"
"0x0000000000000000000000000000000000000064","6400000000000000000"
"0x0000000000000000000000000000000000000065","6500000000000000000"
"0x0000000000000000000000000000000000000066","6600000000000000000"
"0x0000000000000000000000000000000000000067","6700000000000000000"
"0x0000000000000000000000000000000000000068","6800000000000000000"
"0x0000000000000000000000000000000000000069","6900000000000000000"
"0x0000000000000000000000000000000000000070","7000000000000000000"
"0x0000000000000000000000000000000000000071","7100000000000000000"
"0x0000000000000000000000000000000000000072","7200000000000000000"
"0x0000000000000000000000000000000000000073","7300000000000000000"
"0x0000000000000000000000000000000000000074","7400000000000000000"
"0x0000000000000000000000000000000000000075","7500000000000000000"
"0x0000000000000000000000000000000000000076","7600000000000000000"
"0x0000000000000000000000000000000000000077","7700000000000000000"
"0x0000000000000000000000000000000000000078","7800000000000000000"
"0x0000000000000000000000000000000000000079","7900000000000000000"
"0x0000000000000000000000000000000000000080","8000000000000000000"
"0x0000000000000000000000000000000000000081","8100000000000000000"
"0x0000000000000000000000000000000000000082","8200000000000000000"
"0x0000000000000000000000000000000000000083","8300000000000000000"
"0x0000000000000000000000000000000000000084","8400000000000000000"
"0x0000000000000000000000000000000000000085","8500000000000000000"
"0x0000000000000000000000000000000000000086","8600000000000000000"
"0x0000000000000000000000000000000000000087","8700000000000000000"
"0x0000000000000000000000000000000000000088","8800000000000000000"
"0x0000000000000000000000000000000000000089","8900000000000000000"
"0x0000000000000000000000000000000000000090","9000000000000000000"
"0x0000000000000000000000000000000000000091","9100000000000000000"
"0x0000000000000000000000000000000000000092","9200000000000000000"
"0x0000000000000000000000000000000000000093","9300000000000000000"
"0x0000000000000000000000000000000000000094","9400000000000000000"
"0x0000000000000000000000000000000000000095","9500000000000000000"
"0x0000000000000000000000000000000000000096","9600000000000000000"
"0x0000000000000000000000000000000000000097","9700000000000000000"
"0x0000000000000000000000000000000000000098","9800000000000000000"
"0x0000000000000000000000000000000000000099","9900000000000000000"
"0x0000000000000000000000000000000000000100","10000000000000000000"
"0x0000000000000000000000000000000000000101","10100000000000000000"
"0x0000000000000000000000000000000000000102","10200000000000000000"
"0x0000000000000000000000000000000000000103","10300000000000000000"
"0x0000000000000000000000000000000000000104","10400000000000000000"
"0x0000000000000000000000000000000000000105","10500000000000000000"
"0x0000000000000000000000000000000000000106","10600000000000000000"
"0x0000000000000000000000000000000000000107","10700000000000000000"
"0x0000000000000000000000000000000000000108","10800000000000000000"
"0x0000000000000000000000000000000000000109","10900000000000000000"
"0x0000000000000000000000000000000000000110","11000000000000000000"
"0x0000000000000000000000000000000000000111","11100000000000000000"
"0x0000000000000000000000000000000000000112","11200000000000000000"
"0x0000000000000000000000000000000000000113","11300000000000000000"
"0x0000000000000000000000000000000000000114","11400000000000000000"
"0x0000000000000000000000000000000000000115","11500000000000000000"
"0x0000000000000000000000000000000000000116","11600000000000000000"
"0x0000000000000000000000000000000000000117","11700000000000000000"
"0x0000000000000000000000000000000000000118","11800000000000000000"
"0x0000000000000000000000000000000000000119","11900000000000000000"
"0x0000000000000000000000000000000000000120","12000000000000000000"
"0x0000000000000000000000000000000000000121","12100000000000000000"
"0x0000000000000000000000000000000000000122","12200000000000000000"
"0x0000000000000000000000000000000000000123","12300000000000000000"
"0x0000000000000000000000000000000000000124","12400000000000000000"
"0x0000000000000000000000000000000000000125","12500000000000000000"
"0x0000000000000000000000000000000000000126","12600000000000000000"
"0x0000000000000000000000000000000000000127","12700000000000000000"
"0x0000000000000000000000000000000000000128","12800000000000000000"
"0x0000000000000000000000000000000000000129","12900000000000000000"
"0x0000000000000000000000000000000000000130","13000000000000000000"
"0x0000000000000000000000000000000000000131","13100000000000000000"
"0x0000000000000000000000000000000000000132","13200000000000000000"
"0x0000000000000000000000000000000000000133","13300000000000000000"
"0x0000000000000000000000000000000000000134","13400000000000000000"
"0x0000000000000000000000000000000000000135","13500000000000000000"
"0x0000000000000000000000000000000000000136","13600000000000000000"
"0x0000000000000000000000000000000000000137","13700000000000000000"
"0x0000000000000000000000000000000000000138","13800000000000000000"
"0x0000000000000000000000000000000000000139","13900000000000000000"
"0x0000000000000000000000000000000000000140","14000000000000000000"
"0x0000000000000000000000000000000000000141","14100000000000000000"
"0x0000000000000000000000000000000000000142","14200000000000000000"
"0x0000000000000000000000000000000000000143","14300000000000000000"
"0x0000000000000000000000000000000000000144","14400000000000000000"
"0x0000000000000000000000000000000000000145","14500000000000000000"
"0x0000000000000000000000000000000000000146","14600000000000000000"
"0x0000000000000000000000000000000000000147","14700000000000000000"
"0x0000000000000000000000000000000000000148","14800000000000000000"
"0x0000000000000000000000000000000000000149","14900000000000000000"
"0x0000000000000000000000000000000000000150","15000000000000000000"
"0x0000000000000000000000000000000000000151","15100000000000000000"
"0x0000000000000000000000000000000000000152","15200000000000000000"
"0x0000000000000000000000000000000000000153","15300000000000000000"
"0x0000000000000000000000000000000000000154","15400000000000000000"
"0x0000000000000000000000000000000000000155","15500000000000000000"
"0x0000000000000000000000000000000000000156","15600000000000000000"
"0x0000000000000000000000000000000000000157","15700000000000000000"
"0x0000000000000000000000000000000000000158","15800000000000000000"
"0x0000000000000000000000000000000000000159","15900000000000000000"
"0x0000000000000000000000000000000000000160","16000000000000000000"
"0x0000000000000000000000000000000000000161","16100000000000000000"
"0x0000000000000000000000000000000000000162","16200000000000000000"
"0x0000000000000000000000000000000000000163","16300000000000000000"
"0x0000000000000000000000000000000000000164","16400000000000000000"
"0x0000000000000000000000000000000000000165","16500000000000000000"
"0x0000000000000000000000000000000000000166","16600000000000000000"
"0x0000000000000000000000000000000000000167","16700000000000000000"
"0x0000000000000000000000000000000000000168","16800000000000000000"
"0x0000000000000000000000000000000000000169","16900000000000000000"
"0x0000000000000000000000000000000000000170","17000000000000000000"
"0x0000000000000000000000000000000000000171","17100000000000000000"
"0x0000000000000000000000000000000000000172","17200000000000000000"
"0x0000000000000000000000000000000000000173","17300000000000000000"
"0x0000000000000000000000000000000000000174","17400000000000000000"
"0x0000000000000000000000000000000000000175","17500000000000000000"
"0x0000000000000000000000000000000000000176","17600000000000000000"
"0x0000000000000000000000000000000000000177","17700000000000000000"
"0x0000000000000000000000000000000000000178","17800000000000000000"
"0x0000000000000000000000000000000000000179","17900000000000000000"
"0x0000000000000000000000000000000000000180","18000000000000000000"
"0x0000000000000000000000000000000000000181","18100000000000000000"
"0x0000000000000000000000000000000000000182","18200000000000000000"
"0x0000000000000000000000000000000000000183","18300000000000000000"
"0x0000000000000000000000000000000000000184","18400000000000000000"
"0x0000000000000000000000000000000000000185","18500000000000000000"
"0x0000000000000000000000000000000000000186","18600000000000000000"
"0x0000000000000000000000000000000000000187","18700000000000000000"
"0x0000000000000000000000000000000000000188","18800000000000000000"
"0x0000000000000000000000000000000000000189","18900000000000000000"
"0x0000000000000000000000000000000000000190","19000000000000000000"
"0x0000000000000000000000000000000000000191","19100000000000000000"
"0x0000000000000000000000000000000000000192","19200000000000000000"
"0x0000000000000000000000000000000000000193","19300000000000000000"
"0x0000000000000000000000000000000000000194","19400000000000000000"
"0x0000000000000000000000000000000000000195","19500000000000000000"
"0x0000000000000000000000000000000000000196","19600000000000000000"
"0x0000000000000000000000000000000000000197","19700000000000000000"
"0x0000000000000000000000000000000000000198","19800000000000000000"
"0x0000000000000000000000000000000000000199","19900000000000000000"
"0x0000000000000000000000000000000000000200","20000000000000000000"
"0x0000000000000000000000000000000000000201","20100000000000000000"
"0x0000000000000000000000000000000000000202","20200000000000000000"
"0x0000000000000000000000000000000000000203","20300000000000000000"
"0x0000000000000000000000000000000000000204","20400000000000000000"
"0x0000000000000000000000000000000000000205","20500000000000000000"
"0x0000000000000000000000000000000000000206","20600000000000000000"
"0x0000000000000000000000000000000000000207","20700000000000000000"
"0x0000000000000000000000000000000000000208","20800000000000000000"
"0x0000000000000000000000000000000000000209","20900000000000000000"
"0x0000000000000000000000000000000000000210","21000000000000000000"
"0x0000000000000000000000000000000000000211","21100000000000000000"
"0x0000000000000000000000000000000000000212","21200000000000000000"
"0x0000000000000000000000000000000000000213","21300000000000000000"
"0x0000000000000000000000000000000000000214","21400000000000000000"
"0x0000000000000000000000000000000000000215","21500000000000000000"
"0x0000000000000000000000000000000000000216","21600000000000000000"
"0x0000000000000000000000000000000000000217","21700000000000000000"
"0x0000000000000000000000000000000000000218","21800000000000000000"
"0x0000000000000000000000000000000000000219","21900000000000000000"
"0x0000000000000000000000000000000000000220","22000000000000000000"
"0x0000000000000000000000000000000000000221","22100000000000000000"
"0x0000000000000000000000000000000000000222","22200000000000000000"
"0x0000000000000000000000000000000000000223","22300000000000000000"
"0x0000000000000000000000000000000000000224","22400000000000000000"
"0x0000000000000000000000000000000000000225","22500000000000000000"
"0x0000000000000000000000000000000000000226","22600000000000000000"
"0x0000000000000000000000000000000000000227","22700000000000000000"
"0x0000000000000000000000000000000000000228","22800000000000000000"
"0x0000000000000000000000000000000000000229","22900000000000000000"
"0x0000000000000000000000000000000000000230","23000000000000000000"
"0x0000000000000000000000000000000000000231","23100000000000000000"
"0x0000000000000000000000000000000000000232","23200000000000000000"
"0x0000000000000000000000000000000000000233","23300000000000000000"
"0x0000000000000000000000000000000000000234","23400000000000000000"
"0x0000000000000000000000000000000000000235","23500000000000000000"
"0x0000000000000000000000000000000000000236","23600000000000000000"
"0x0000000000000000000000000000000000000237","23700000000000000000"
"0x0000000000000000000000000000000000000238","23800000000000000000"
"0x0000000000000000000000000000000000000239","23900000000000000000"
"0x0000000000000000000000000000000000000240","24000000000000000000"
"0x0000000000000000000000000000000000000241","24100000000000000000"
"0x0000000000000000000000000000000000000242","24200000000000000000"
"0x0000000000000000000000000000000000000243","24300000000000000000"
"0x0000000000000000000000000000000000000244","24400000000000000000"
"0x0000000000000000000000000000000000000245","24500000000000000000"
"0x0000000000000000000000000000000000000246","24600000000000000000"
"0x0000000000000000000000000000000000000247","24700000000000000000"
"0x0000000000000000000000000000000000000248","24800000000000000000"
"0x0000000000000000000000000000000000000249","24900000000000000000"
"0x0000000000000000000000000000000000000250","25000000000000000000"
"0x0000000000000000000000000000000000000251","25100000000000000000"
"0x0000000000000000000000000000000000000252","25200000000000000000"
"0x0000000000000000000000000000000000000253","25300000000000000000"
"0x0000000000000000000000000000000000000254","25400000000000000000"
"0x0000000000000000000000000000000000000255","25500000000000000000"
"0x0000000000000000000000000000000000000256","25600000000000000000"
"0x0000000000000000000000000000000000000257","25700000000000000000"
"0x0000000000000000000000000000000000000258","25800000000000000000"
"0x0000000000000000000000000000000000000259","25900000000000000000"
"0x0000000000000000000000000000000000000260","26000000000000000000"
"0x0000000000000000000000000000000000000261","26100000000000000000"
"0x0000000000000000000000000000000000000262","26200000000000000000"
"0x0000000000000000000000000000000000000263","26300000000000000000"
"0x0000000000000000000000000000000000000264","26400000000000000000"
"0x0000000000000000000000000000000000000265","26500000000000000000"
"0x0000000000000000000000000000000000000266","26600000000000000000"
"0x0000000000000000000000000000000000000267","26700000000000000000"
"0x0000000000000000000000000000000000000268","26800000000000000000"
"0x0000000000000000000000000000000000000269","26900000000000000000"
"0x0000000000000000000000000000000000000270","27000000000000000000"
"0x0000000000000000000000000000000000000271","27100000000000000000"
"0x0000000000000000000000000000000000000272","27200000000000000000"
"0x0000000000000000000000000000000000000273","27300000000000000000"
"0x0000000000000000000000000000000000000274","27400000000000000000"
"0x0000000000000000000000000000000000000275","27500000000000000000"
"0x0000000000000000000000000000000000000276","27600000000000000000"
"0x0000000000000000000000000000000000000277","27700000000000000000"
"0x0000000000000000000000000000000000000278","27800000000000000000"
"0x0000000000000000000000000000000000000279","27900000000000000000"
"0x0000000000000000000000000000000000000280","28000000000000000000"
"0x0000000000000000000000000000000000000281","28100000000000000000"
"0x0000000000000000000000000000000000000282","28200000000000000000"
"0x0000000000000000000000000000000000000283","28300000000000000000"
"0x0000000000000000000000000000000000000284","28400000000000000000"
"0x0000000000000000000000000000000000000285","28500000000000000000"
"0x0000000000000000000000000000000000000286","28600000000000000000"
"0x0000000000000000000000000000000000000287","28700000000000000000"
"0x0000000000000000000000000000000000000288","28800000000000000000"
"0x0000000000000000000000000000000000000289","28900000000000000000"
"0x0000000000000000000000000000000000000290","29000000000000000000"
"0x0000000000000000000000000000000000000291","29100000000000000000"
"0x0000000000000000000000000000000000000292","29200000000000000000"
"0x0000000000000000000000000000000000000293","29300000000000000000"
"0x0000000000000000000000000000000000000294","29400000000000000000"
"0x0000000000000000000000000000000000000295","29500000000000000000"
"0x0000000000000000000000000000000000000296","29600000000000000000"
"0x0000000000000000000000000000000000000297","29700000000000000000"
"0x0000000000000000000000000000000000000298","29800000000000000000"
"0x0000000000000000000000000000000000000299","29900000000000000000"
"0x0000000000000000000000000000000000000300","30000000000000000000"
"0x0000000000000000000000000000000000000301","30100000000000000000"
"0x0000000000000000000000000000000000000302","30200000000000000000"
"0x0000000000000000000000000000000000000303","30300000000000000000"
"0x0000000000000000000000000000000000000304","30400000000000000000"
"0x0000000000000000000000000000000000000305","30500000000000000000"
"0x0000000000000000000000000000000000000306","30600000000000000000"
"0x0000000000000000000000000000000000000307","30700000000000000000"
"0x0000000000000000000000000000000000000308","30800000000000000000"
"0x0000000000000000000000000000000000000309","30900000000000000000"
"0x0000000000000000000000000000000000000310","31000000000000000000"
"0x0000000000000000000000000000000000000311","31100000000000000000"
"0x0000000000000000000000000000000000000312","31200000000000000000"
"0x0000000000000000000000000000000000000313","31300000000000000000"
"0x0000000000000000000000000000000000000314","31400000000000000000"
"0x0000000000000000000000000000000000000315","31500000000000000000"
"0x0000000000000000000000000000000000000316","31600000000000000000"
"0x0000000000000000000000000000000000000317","31700000000000000000"
"0x0000000000000000000000000000000000000318","31800000000000000000"
"0x0000000000000000000000000000000000000319","31900000000000000000"
"0x0000000000000000000000000000000000000320","32000000000000000000"
"0x0000000000000000000000000000000000000321","32100000000000000000"
"0x0000000000000000000000000000000000000322","32200000000000000000"
"0x0000000000000000000000000000000000000323","32300000000000000000"
"0x0000000000000000000000000000000000000324","32400000000000000000"
"0x0000000000000000000000000000000000000325","32500000000000000000"
"0x0000000000000000000000000000000000000326","32600000000000000000"
"0x0000000000000000000000000000000000000327","32700000000000000000"
"0x0000000000000000000000000000000000000328","32800000000000000000"
"0x0000000000000000000000000000000000000329","32900000000000000000"
"0x0000000000000000000000000000000000000330","33000000000000000000"
"0x0000000000000000000000000000000000000331","33100000000000000000"
"0x0000000000000000000000000000000000000332","33200000000000000000"
"0x0000000000000000000000000000000000000333","33300000000000000000"
"0x0000000000000000000000000000000000000334","33400000000000000000"
"0x0000000000000000000000000000000000000335","33500000000000000000"
"0x0000000000000000000000000000000000000336","33600000000000000000"
"0x0000000000000000000000000000000000000337","33700000000000000000"
"0x0000000000000000000000000000000000000338","33800000000000000000"
"0x0000000000000000000000000000000000000339","33900000000000000000"
"0x0000000000000000000000000000000000000340","34000000000000000000"
"0x0000000000000000000000000000000000000341","34100000000000000000"
"0x0000000000000000000000000000000000000342","34200000000000000000"
"0x0000000000000000000000000000000000000343","34300000000000000000"
"0x0000000000000000000000000000000000000344","34400000000000000000"
"0x0000000000000000000000000000000000000345","34500000000000000000"
"0x0000000000000000000000000000000000000346","34600000000000000000"
"0x0000000000000000000000000000000000000347","34700000000000000000"
"0x0000000000000000000000000000000000000348","34800000000000000000"
"0x0000000000000000000000000000000000000349","34900000000000000000"
"0x0000000000000000000000000000000000000350","35000000000000000000"
"0x0000000000000000000000000000000000000351","35100000000000000000"
"0x0000000000000000000000000000000000000352","35200000000000000000"
"0x0000000000000000000000000000000000000353","35300000000000000000"
"0x0000000000000000000000000000000000000354","35400000000000000000"
"0x0000000000000000000000000000000000000355","35500000000000000000"
"0x0000000000000000000000000000000000000356","35600000000000000000"
"0x0000000000000000000000000000000000000357","35700000000000000000"
"0x0000000000000000000000000000000000000358","35800000000000000000"
"0x0000000000000000000000000000000000000359","35900000000000000000"
"0x0000000000000000000000000000000000000360","36000000000000000000"
"0x0000000000000000000000000000000000000361","36100000000000000000"
"0x0000000000000000000000000000000000000362","36200000000000000000"
"0x0000000000000000000000000000000000000363","36300000000000000000"
"0x0000000000000000000000000000000000000364","36400000000000000000"
"0x0000000000000000000000000000000000000365","36500000000000000000"
"0x0000000000000000000000000000000000000366","36600000000000000000"
"0x0000000000000000000000000000000000000367","36700000000000000000"
"0x0000000000000000000000000000000000000368","36800000000000000000"
"0x0000000000000000000000000000000000000369","36900000000000000000"
"0x0000000000000000000000000000000000000370","37000000000000000000"
"0x0000000000000000000000000000000000000371","37100000000000000000"
"0x0000000000000000000000000000000000000372","37200000000000000000"
"0x0000000000000000000000000000000000000373","37300000000000000000"
"0x0000000000000000000000000000000000000374","37400000000000000000"
"0x0000000000000000000000000000000000000375","37500000000000000000"
"0x0000000000000000000000000000000000000376","37600000000000000000"
"0x0000000000000000000000000000000000000377","37700000000000000000"
"0x0000000000000000000000000000000000000378","37800000000000000000"
"0x0000000000000000000000000000000000000379","37900000000000000000"
"0x0000000000000000000000000000000000000380","38000000000000000000"
"0x0000000000000000000000000000000000000381","38100000000000000000"
"0x0000000000000000000000000000000000000382","38200000000000000000"
"0x0000000000000000000000000000000000000383","38300000000000000000"
"0x0000000000000000000000000000000000000384","38400000000000000000"
"0x0000000000000000000000000000000000000385","38500000000000000000"
"0x0000000000000000000000000000000000000386","38600000000000000000"
"0x0000000000000000000000000000000000000387","38700000000000000000"
"0x0000000000000000000000000000000000000388","38800000000000000000"
"0x0000000000000000000000000000000000000389","38900000000000000000"
"0x0000000000000000000000000000000000000390","39000000000000000000"
"0x0000000000000000000000000000000000000391","39100000000000000000"
"0x0000000000000000000000000000000000000392","39200000000000000000"
"0x0000000000000000000000000000000000000393","39300000000000000000"
"0x0000000000000000000000000000000000000394","39400000000000000000"
"0x0000000000000000000000000000000000000395","39500000000000000000"
"0x0000000000000000000000000000000000000396","39600000000000000000"
"0x0000000000000000000000000000000000000397","39700000000000000000"
"0x0000000000000000000000000000000000000398","39800000000000000000"
"0x0000000000000000000000000000000000000399","39900000000000000000"
"0x0000000000000000000000000000000000000400","40000000000000000000"
"0x0000000000000000000000000000000000000401","40100000000000000000"
"0x0000000000000000000000000000000000000402","40200000000000000000"
"0x0000000000000000000000000000000000000403","40300000000000000000"
"0x0000000000000000000000000000000000000404","40400000000000000000"
"0x0000000000000000000000000000000000000405","40500000000000000000"
"0x0000000000000000000000000000000000000406","40600000000000000000"
"0x0000000000000000000000000000000000000407","40700000000000000000"
"0x0000000000000000000000000000000000000408","40800000000000000000"
"0x0000000000000000000000000000000000000409","40900000000000000000"
"0x0000000000000000000000000000000000000410","41000000000000000000"
"0x0000000000000000000000000000000000000411","41100000000000000000"
"0x0000000000000000000000000000000000000412","41200000000000000000"
"0x0000000000000000000000000000000000000413","41300000000000000000"
"0x0000000000000000000000000000000000000414","41400000000000000000"
"0x0000000000000000000000000000000000000415","41500000000000000000"
"0x0000000000000000000000000000000000000416","41600000000000000000"
"0x0000000000000000000000000000000000000417","41700000000000000000"
"0x0000000000000000000000000000000000000418","41800000000000000000"
"0x0000000000000000000000000000000000000419","41900000000000000000"
"0x0000000000000000000000000000000000000420","42000000000000000000"
"0x0000000000000000000000000000000000000421","42100000000000000000"
"0x0000000000000000000000000000000000000422","42200000000000000000"
"0x0000000000000000000000000000000000000423","42300000000000000000"
"0x0000000000000000000000000000000000000424","42400000000000000000"
"0x0000000000000000000000000000000000000425","42500000000000000000"
"0x0000000000000000000000000000000000000426","42600000000000000000"
"0x0000000000000000000000000000000000000427","42700000000000000000"
"0x0000000000000000000000000000000000000428","42800000000000000000"
"0x0000000000000000000000000000000000000429","42900000000000000000"
"0x0000000000000000000000000000000000000430","43000000000000000000"
"0x0000000000000000000000000000000000000431","43100000000000000000"
"0x0000000000000000000000000000000000000432","43200000000000000000"
"0x0000000000000000000000000000000000000433","43300000000000000000"
"0x0000000000000000000000000000000000000434","43400000000000000000"
"0x0000000000000000000000000000000000000435","43500000000000000000"
"0x0000000000000000000000000000000000000436","43600000000000000000"
"0x0000000000000000000000000000000000000437","43700000000000000000"
"0x0000000000000000000000000000000000000438","43800000000000000000"
"0x0000000000000000000000000000000000000439","43900000000000000000"
"0x0000000000000000000000000000000000000440","44000000000000000000"
"0x0000000000000000000000000000000000000441","44100000000000000000"
"0x0000000000000000000000000000000000000442","44200000000000000000"
"0x0000000000000000000000000000000000000443","44300000000000000000"
"0x0000000000000000000000000000000000000444","44400000000000000000"
"0x0000000000000000000000000000000000000445","44500000000000000000"
"0x0000000000000000000000000000000000000446","44600000000000000000"
"0x0000000000000000000000000000000000000447","44700000000000000000"
"0x0000000000000000000000000000000000000448","44800000000000000000"
"0x0000000000000000000000000000000000000449","44900000000000000000"
"0x0000000000000000000000000000000000000450","45000000000000000000"
"0x0000000000000000000000000000000000000451","45100000000000000000"
"0x0000000000000000000000000000000000000452","45200000000000000000"
"0x0000000000000000000000000000000000000453","45300000000000000000"
"0x0000000000000000000000000000000000000454","45400000000000000000"
"0x0000000000000000000000000000000000000455","45500000000000000000"
"0x0000000000000000000000000000000000000456","45600000000000000000"
"0x0000000000000000000000000000000000000457","45700000000000000000"
"0x0000000000000000000000000000000000000458","45800000000000000000"
"0x0000000000000000000000000000000000000459","45900000000000000000"
"0x0000000000000000000000000000000000000460","46000000000000000000"
"0x0000000000000000000000000000000000000461","46100000000000000000"
"0x0000000000000000000000000000000000000462","46200000000000000000"
"0x0000000000000000000000000000000000000463","46300000000000000000"
"0x0000000000000000000000000000000000000464","46400000000000000000"
"0x0000000000000000000000000000000000000465","46500000000000000000"
"0x0000000000000000000000000000000000000466","46600000000000000000"
"0x0000000000000000000000000000000000000467","46700000000000000000"
"0x0000000000000000000000000000000000000468","46800000000000000000"
"0x0000000000000000000000000000000000000469","46900000000000000000"
"0x0000000000000000000000000000000000000470","47000000000000000000"
"0x0000000000000000000000000000000000000471","47100000000000000000"
"0x0000000000000000000000000000000000000472","47200000000000000000"
"0x0000000000000000000000000000000000000473","47300000000000000000"
"0x0000000000000000000000000000000000000474","47400000000000000000"
"0x0000000000000000000000000000000000000475","47500000000000000000"
"0x0000000000000000000000000000000000000476","47600000000000000000"
"0x0000000000000000000000000000000000000477","47700000000000000000"
"0x0000000000000000000000000000000000000478","47800000000000000000"
"0x0000000000000000000000000000000000000479","47900000000000000000"
"0x0000000000000000000000000000000000000480","48000000000000000000"
"0x0000000000000000000000000000000000000481","48100000000000000000"
"0x0000000000000000000000000000000000000482","48200000000000000000"
"0x0000000000000000000000000000000000000483","48300000000000000000"
"0x0000000000000000000000000000000000000484","48400000000000000000"
"0x0000000000000000000000000000000000000485","48500000000000000000"
"0x0000000000000000000000000000000000000486","48600000000000000000"
"0x0000000000000000000000000000000000000487","48700000000000000000"
"0x0000000000000000000000000000000000000488","48800000000000000000"
"0x0000000000000000000000000000000000000489","48900000000000000000"
"0x0000000000000000000000000000000000000490","49000000000000000000"
"0x0000000000000000000000000000000000000491","49100000000000000000"
"0x0000000000000000000000000000000000000492","49200000000000000000"
"0x0000000000000000000000000000000000000493","49300000000000000000"
"0x0000000000000000000000000000000000000494","49400000000000000000"
"0x0000000000000000000000000000000000000495","49500000000000000000"
"0x0000000000000000000000000000000000000496","49600000000000000000"
"0x0000000000000000000000000000000000000497","49700000000000000000"
"0x0000000000000000000000000000000000000498","49800000000000000000"
"0x0000000000000000000000000000000000000499","49900000000000000000"
"0x0000000000000000000000000000000000000500","50000000000000000000"
"0x0000000000000000000000000000000000000501","50100000000000000000"
"0x0000000000000000000000000000000000000502","50200000000000000000"
"0x0000000000000000000000000000000000000503","50300000000000000000"
"0x0000000000000000000000000000000000000504","50400000000000000000"
"0x0000000000000000000000000000000000000505","50500000000000000000"
"0x0000000000000000000000000000000000000506","50600000000000000000"
"0x0000000000000000000000000000000000000507","50700000000000000000"
"0x0000000000000000000000000000000000000508","50800000000000000000"
"0x0000000000000000000000000000000000000509","50900000000000000000"
"0x0000000000000000000000000000000000000510","51000000000000000000"
"0x0000000000000000000000000000000000000511","51100000000000000000"
"0x0000000000000000000000000000000000000512","51200000000000000000"
"0x0000000000000000000000000000000000000513","51300000000000000000"
"0x0000000000000000000000000000000000000514","51400000000000000000"
"0x0000000000000000000000000000000000000515","51500000000000000000"
"0x0000000000000000000000000000000000000516","51600000000000000000"
"0x0000000000000000000000000000000000000517","51700000000000000000"
"0x0000000000000000000000000000000000000518","51800000000000000000"
"0x0000000000000000000000000000000000000519","51900000000000000000"
"0x0000000000000000000000000000000000000520","52000000000000000000"
"0x0000000000000000000000000000000000000521","52100000000000000000"
"0x0000000000000000000000000000000000000522","52200000000000000000"
"0x0000000000000000000000000000000000000523","52300000000000000000"
"0x0000000000000000000000000000000000000524","52400000000000000000"
"0x0000000000000000000000000000000000000525","52500000000000000000"
"0x0000000000000000000000000000000000000526","52600000000000000000"
"0x0000000000000000000000000000000000000527","52700000000000000000"
"0x0000000000000000000000000000000000000528","52800000000000000000"
"0x0000000000000000000000000000000000000529","52900000000000000000"
"0x0000000000000000000000000000000000000530","53000000000000000000"
"0x0000000000000000000000000000000000000531","53100000000000000000"
"0x0000000000000000000000000000000000000532","53200000000000000000"
"0x0000000000000000000000000000000000000533","53300000000000000000"
"0x0000000000000000000000000000000000000534","53400000000000000000"
"0x0000000000000000000000000000000000000535","53500000000000000000"
"0x0000000000000000000000000000000000000536","53600000000000000000"
"0x0000000000000000000000000000000000000537","53700000000000000000"
"0x0000000000000000000000000000000000000538","53800000000000000000"
"0x0000000000000000000000000000000000000539","53900000000000000000"
"0x0000000000000000000000000000000000000540","54000000000000000000"
"0x0000000000000000000000000000000000000541","54100000000000000000"
"0x0000000000000000000000000000000000000542","54200000000000000000"
"0x0000000000000000000000000000000000000543","54300000000000000000"
"0x0000000000000000000000000000000000000544","54400000000000000000"
"0x0000000000000000000000000000000000000545","54500000000000000000"
"0x0000000000000000000000000000000000000546","54600000000000000000"
"0x0000000000000000000000000000000000000547","54700000000000000000"
"0x0000000000000000000000000000000000000548","54800000000000000000"
"0x0000000000000000000000000000000000000549","54900000000000000000"
"0x0000000000000000000000000000000000000550","55000000000000000000"
"0x0000000000000000000000000000000000000551","55100000000000000000"
"0x0000000000000000000000000000000000000552","55200000000000000000"
"0x0000000000000000000000000000000000000553","55300000000000000000"
"0x0000000000000000000000000000000000000554","55400000000000000000"
"0x0000000000000000000000000000000000000555","55500000000000000000"
"0x0000000000000000000000000000000000000556","55600000000000000000"
"0x0000000000000000000000000000000000000557","55700000000000000000"
"0x0000000000000000000000000000000000000558","55800000000000000000"
"0x0000000000000000000000000000000000000559","55900000000000000000"
"0x0000000000000000000000000000000000000560","56000000000000000000"
"0x0000000000000000000000000000000000000561","56100000000000000000"
"0x0000000000000000000000000000000000000562","56200000000000000000"
"0x0000000000000000000000000000000000000563","56300000000000000000"
"0x0000000000000000000000000000000000000564","56400000000000000000"
"0x0000000000000000000000000000000000000565","56500000000000000000"
"0x0000000000000000000000000000000000000566","56600000000000000000"
"0x0000000000000000000000000000000000000567","56700000000000000000"
"0x0000000000000000000000000000000000000568","56800000000000000000"
"0x0000000000000000000000000000000000000569","56900000000000000000"
"0x0000000000000000000000000000000000000570","57000000000000000000"
"0x0000000000000000000000000000000000000571","57100000000000000000"
"0x0000000000000000000000000000000000000572","57200000000000000000"
"0x0000000000000000000000000000000000000573","57300000000000000000"
"0x0000000000000000000000000000000000000574","57400000000000000000"
"0x0000000000000000000000000000000000000575","57500000000000000000"
"0x0000000000000000000000000000000000000576","57600000000000000000"
"0x0000000000000000000000000000000000000577","57700000000000000000"
"0x0000000000000000000000000000000000000578","57800000000000000000"
"0x0000000000000000000000000000000000000579","57900000000000000000"
"0x0000000000000000000000000000000000000580","58000000000000000000"
"0x0000000000000000000000000000000000000581","58100000000000000000"
"0x0000000000000000000000000000000000000582","58200000000000000000"
"0x0000000000000000000000000000000000000583","58300000000000000000"
"0x0000000000000000000000000000000000000584","58400000000000000000"
"0x0000000000000000000000000000000000000585","58500000000000000000"
"0x0000000000000000000000000000000000000586","58600000000000000000"
"0x0000000000000000000000000000000000000587","58700000000000000000"
"0x0000000000000000000000000000000000000588","58800000000000000000"
"0x0000000000000000000000000000000000000589","58900000000000000000"
"0x0000000000000000000000000000000000000590","59000000000000000000"
"0x0000000000000000000000000000000000000591","59100000000000000000"
"0x0000000000000000000000000000000000000592","59200000000000000000"
"0x0000000000000000000000000000000000000593","59300000000000000000"
"0x0000000000000000000000000000000000000594","59400000000000000000"
"0x0000000000000000000000000000000000000595","59500000000000000000"
"0x0000000000000000000000000000000000000596","59600000000000000000"
"0x0000000000000000000000000000000000000597","59700000000000000000"
"0x0000000000000000000000000000000000000598","59800000000000000000"
"0x0000000000000000000000000000000000000599","59900000000000000000"
"0x0000000000000000000000000000000000000600","60000000000000000000"
"0x0000000000000000000000000000000000000601","60100000000000000000"
"0x0000000000000000000000000000000000000602","60200000000000000000"
"0x0000000000000000000000000000000000000603","60300000000000000000"
"0x0000000000000000000000000000000000000604","60400000000000000000"
"0x0000000000000000000000000000000000000605","60500000000000000000"
"0x0000000000000000000000000000000000000606","60600000000000000000"
"0x0000000000000000000000000000000000000607","60700000000000000000"
"0x0000000000000000000000000000000000000608","60800000000000000000"
"0x0000000000000000000000000000000000000609","60900000000000000000"
"0x0000000000000000000000000000000000000610","61000000000000000000"
"0x0000000000000000000000000000000000000611","61100000000000000000"
"0x0000000000000000000000000000000000000612","61200000000000000000"
"0x0000000000000000000000000000000000000613","61300000000000000000"
"0x0000000000000000000000000000000000000614","61400000000000000000"
"0x0000000000000000000000000000000000000615","61500000000000000000"
"0x0000000000000000000000000000000000000616","61600000000000000000"
"0x0000000000000000000000000000000000000617","61700000000000000000"
"0x0000000000000000000000000000000000000618","61800000000000000000"
"0x0000000000000000000000000000000000000619","61900000000000000000"
"0x0000000000000000000000000000000000000620","62000000000000000000"
"0x0000000000000000000000000000000000000621","62100000000000000000"
"0x0000000000000000000000000000000000000622","62200000000000000000"
"0x0000000000000000000000000000000000000623","62300000000000000000"
"0x0000000000000000000000000000000000000624","62400000000000000000"
"0x0000000000000000000000000000000000000625","62500000000000000000"
"0x0000000000000000000000000000000000000626","62600000000000000000"
"0x0000000000000000000000000000000000000627","62700000000000000000"
"0x0000000000000000000000000000000000000628","62800000000000000000"
"0x0000000000000000000000000000000000000629","62900000000000000000"
"0x0000000000000000000000000000000000000630","63000000000000000000"
"0x0000000000000000000000000000000000000631","63100000000000000000"
"0x0000000000000000000000000000000000000632","63200000000000000000"
"0x0000000000000000000000000000000000000633","63300000000000000000"
"0x0000000000000000000000000000000000000634","63400000000000000000"
"0x0000000000000000000000000000000000000635","63500000000000000000"
"0x0000000000000000000000000000000000000636","63600000000000000000"
"0x0000000000000000000000000000000000000637","63700000000000000000"
"0x0000000000000000000000000000000000000638","63800000000000000000"
"0x0000000000000000000000000000000000000639","63900000000000000000"
"0x0000000000000000000000000000000000000640","64000000000000000000"
"0x0000000000000000000000000000000000000641","64100000000000000000"
"0x0000000000000000000000000000000000000642","64200000000000000000"
"0x0000000000000000000000000000000000000643","64300000000000000000"
"0x0000000000000000000000000000000000000644","64400000000000000000"
"0x0000000000000000000000000000000000000645","64500000000000000000"
"0x0000000000000000000000000000000000000646","64600000000000000000"
"0x0000000000000000000000000000000000000647","64700000000000000000"
"0x0000000000000000000000000000000000000648","64800000000000000000"
"0x0000000000000000000000000000000000000649","64900000000000000000"
"0x0000000000000000000000000000000000000650","65000000000000000000"
"0x0000000000000000000000000000000000000651","65100000000000000000"
"0x0000000000000000000000000000000000000652","65200000000000000000"
"0x0000000000000000000000000000000000000653","65300000000000000000"
"0x0000000000000000000000000000000000000654","65400000000000000000"
"0x0000000000000000000000000000000000000655","65500000000000000000"
"0x0000000000000000000000000000000000000656","65600000000000000000"
"0x0000000000000000000000000000000000000657","65700000000000000000"
"0x0000000000000000000000000000000000000658","65800000000000000000"
"0x0000000000000000000000000000000000000659","65900000000000000000"
"0x0000000000000000000000000000000000000660","66000000000000000000"
"0x0000000000000000000000000000000000000661","66100000000000000000"
"0x0000000000000000000000000000000000000662","66200000000000000000"
"0x0000000000000000000000000000000000000663","66300000000000000000"
"0x0000000000000000000000000000000000000664","66400000000000000000"
"0x0000000000000000000000000000000000000665","66500000000000000000"
"0x0000000000000000000000000000000000000666","66600000000000000000"
"0x0000000000000000000000000000000000000667","66700000000000000000"
"0x0000000000000000000000000000000000000668","66800000000000000000"
"0x0000000000000000000000000000000000000669","66900000000000000000"
"0x0000000000000000000000000000000000000670","67000000000000000000"
"0x0000000000000000000000000000000000000671","67100000000000000000"
"0x0000000000000000000000000000000000000672","67200000000000000000"
"0x0000000000000000000000000000000000000673","67300000000000000000"
"0x0000000000000000000000000000000000000674","67400000000000000000"
"0x0000000000000000000000000000000000000675","67500000000000000000"
"0x0000000000000000000000000000000000000676","67600000000000000000"
"0x0000000000000000000000000000000000000677","67700000000000000000"
"0x0000000000000000000000000000000000000678","67800000000000000000"
"0x0000000000000000000000000000000000000679","67900000000000000000"
"0x0000000000000000000000000000000000000680","68000000000000000000"
"0x0000000000000000000000000000000000000681","68100000000000000000"
"0x0000000000000000000000000000000000000682","68200000000000000000"
"0x0000000000000000000000000000000000000683","68300000000000000000"
"0x0000000000000000000000000000000000000684","68400000000000000000"
"0x0000000000000000000000000000000000000685","68500000000000000000"
"0x0000000000000000000000000000000000000686","68600000000000000000"
"0x0000000000000000000000000000000000000687","68700000000000000000"
"0x0000000000000000000000000000000000000688","68800000000000000000"
"0x0000000000000000000000000000000000000689","68900000000000000000"
"0x0000000000000000000000000000000000000690","69000000000000000000"
"0x0000000000000000000000000000000000000691","69100000000000000000"
"0x0000000000000000000000000000000000000692","69200000000000000000"
"0x0000000000000000000000000000000000000693","69300000000000000000"
"0x0000000000000000000000000000000000000694","69400000000000000000"
"0x0000000000000000000000000000000000000695","69500000000000000000"
"0x0000000000000000000000000000000000000696","69600000000000000000"
"0x0000000000000000000000000000000000000697","69700000000000000000"
"0x0000000000000000000000000000000000000698","69800000000000000000"
"0x0000000000000000000000000000000000000699","69900000000000000000"
"0x0000000000000000000000000000000000000700","70000000000000000000"
"0x0000000000000000000000000000000000000701","70100000000000000000"
"0x0000000000000000000000000000000000000702","70200000000000000000"
"0x0000000000000000000000000000000000000703","70300000000000000000"
"0x0000000000000000000000000000000000000704","70400000000000000000"
"0x0000000000000000000000000000000000000705","70500000000000000000"
"0x0000000000000000000000000000000000000706","70600000000000000000"
"0x0000000000000000000000000000000000000707","70700000000000000000"
"0x0000000000000000000000000000000000000708","70800000000000000000"
"0x0000000000000000000000000000000000000709","70900000000000000000"
"0x0000000000000000000000000000000000000710","71000000000000000000"
"0x0000000000000000000000000000000000000711","71100000000000000000"
"0x0000000000000000000000000000000000000712","71200000000000000000"
"0x0000000000000000000000000000000000000713","71300000000000000000"
"0x0000000000000000000000000000000000000714","71400000000000000000"
"0x0000000000000000000000000000000000000715","71500000000000000000"
"0x0000000000000000000000000000000000000716","71600000000000000000"
"0x0000000000000000000000000000000000000717","71700000000000000000"
"0x0000000000000000000000000000000000000718","71800000000000000000"
"0x0000000000000000000000000000000000000719","71900000000000000000"
"0x0000000000000000000000000000000000000720","72000000000000000000"
"0x0000000000000000000000000000000000000721","72100000000000000000"
"0x0000000000000000000000000000000000000722","72200000000000000000"
"0x0000000000000000000000000000000000000723","72300000000000000000"
"0x0000000000000000000000000000000000000724","72400000000000000000"
"0x0000000000000000000000000000000000000725","72500000000000000000"
"0x0000000000000000000000000000000000000726","72600000000000000000"
"0x0000000000000000000000000000000000000727","72700000000000000000"
"0x0000000000000000000000000000000000000728","72800000000000000000"
"0x0000000000000000000000000000000000000729","72900000000000000000"
"0x0000000000000000000000000000000000000730","73000000000000000000"
"0x0000000000000000000000000000000000000731","73100000000000000000"
"0x0000000000000000000000000000000000000732","73200000000000000000"
"0x0000000000000000000000000000000000000733","73300000000000000000"
"0x0000000000000000000000000000000000000734","73400000000000000000"
"0x0000000000000000000000000000000000000735","73500000000000000000"
"0x0000000000000000000000000000000000000736","73600000000000000000"
"0x0000000000000000000000000000000000000737","73700000000000000000"
"0x0000000000000000000000000000000000000738","73800000000000000000"
"0x0000000000000000000000000000000000000739","73900000000000000000"
"0x0000000000000000000000000000000000000740","74000000000000000000"
"0x0000000000000000000000000000000000000741","74100000000000000000"
"0x0000000000000000000000000000000000000742","74200000000000000000"
"0x0000000000000000000000000000000000000743","74300000000000000000"
"0x0000000000000000000000000000000000000744","74400000000000000000"
"0x0000000000000000000000000000000000000745","74500000000000000000"
"0x0000000000000000000000000000000000000746","74600000000000000000"
"0x0000000000000000000000000000000000000747","74700000000000000000"
"0x0000000000000000000000000000000000000748","74800000000000000000"
"0x0000000000000000000000000000000000000749","74900000000000000000"
"0x0000000000000000000000000000000000000750","75000000000000000000"
"0x0000000000000000000000000000000000000751","75100000000000000000"
"0x0000000000000000000000000000000000000752","75200000000000000000"
"0x0000000000000000000000000000000000000753","75300000000000000000"
"0x0000000000000000000000000000000000000754","75400000000000000000"
"0x0000000000000000000000000000000000000755","75500000000000000000"
"0x0000000000000000000000000000000000000756","75600000000000000000"
"0x0000000000000000000000000000000000000757","75700000000000000000"
"0x0000000000000000000000000000000000000758","75800000000000000000"
"0x0000000000000000000000000000000000000759","75900000000000000000"
"0x0000000000000000000000000000000000000760","76000000000000000000"
"0x0000000000000000000000000000000000000761","76100000000000000000"
"0x0000000000000000000000000000000000000762","76200000000000000000"
"0x0000000000000000000000000000000000000763","76300000000000000000"
"0x0000000000000000000000000000000000000764","76400000000000000000"
"0x0000000000000000000000000000000000000765","76500000000000000000"
"0x0000000000000000000000000000000000000766","76600000000000000000"
"0x0000000000000000000000000000000000000767","76700000000000000000"
"0x0000000000000000000000000000000000000768","76800000000000000000"
"0x0000000000000000000000000000000000000769","76900000000000000000"
"0x0000000000000000000000000000000000000770","77000000000000000000"
"0x0000000000000000000000000000000000000771","77100000000000000000"
"0x0000000000000000000000000000000000000772","77200000000000000000"
"0x0000000000000000000000000000000000000773","77300000000000000000"
"0x0000000000000000000000000000000000000774","77400000000000000000"
"0x0000000000000000000000000000000000000775","77500000000000000000"
"0x0000000000000000000000000000000000000776","77600000000000000000"
"0x0000000000000000000000000000000000000777","77700000000000000000"
"0x0000000000000000000000000000000000000778","77800000000000000000"
"0x0000000000000000000000000000000000000779","77900000000000000000"
"0x0000000000000000000000000000000000000780","78000000000000000000"
"0x0000000000000000000000000000000000000781","78100000000000000000"
"0x0000000000000000000000000000000000000782","78200000000000000000"
"0x0000000000000000000000000000000000000783","78300000000000000000"
"0x0000000000000000000000000000000000000784","78400000000000000000"
"0x0000000000000000000000000000000000000785","78500000000000000000"
"0x0000000000000000000000000000000000000786","78600000000000000000"
"0x0000000000000000000000000000000000000787","78700000000000000000"
"0x0000000000000000000000000000000000000788","78800000000000000000"
"0x0000000000000000000000000000000000000789","78900000000000000000"
"0x0000000000000000000000000000000000000790","79000000000000000000"
"0x0000000000000000000000000000000000000791","79100000000000000000"
"0x0000000000000000000000000000000000000792","79200000000000000000"
"0x0000000000000000000000000000000000000793","79300000000000000000"
"0x0000000000000000000000000000000000000794","79400000000000000000"
"0x0000000000000000000000000000000000000795","79500000000000000000"
"0x0000000000000000000000000000000000000796","79600000000000000000"
"0x0000000000000000000000000000000000000797","79700000000000000000"
"0x0000000000000000000000000000000000000798","79800000000000000000"
"0x0000000000000000000000000000000000000799","79900000000000000000"
"0x0000000000000000000000000000000000000800","80000000000000000000"
"0x0000000000000000000000000000000000000801","80100000000000000000"
"0x0000000000000000000000000000000000000802","80200000000000000000"
"0x0000000000000000000000000000000000000803","80300000000000000000"
"0x0000000000000000000000000000000000000804","80400000000000000000"
"0x0000000000000000000000000000000000000805","80500000000000000000"
"0x0000000000000000000000000000000000000806","80600000000000000000"
"0x0000000000000000000000000000000000000807","80700000000000000000"
"0x0000000000000000000000000000000000000808","80800000000000000000"
"0x0000000000000000000000000000000000000809","80900000000000000000"
"0x0000000000000000000000000000000000000810","81000000000000000000"
"0x0000000000000000000000000000000000000811","81100000000000000000"
"0x0000000000000000000000000000000000000812","81200000000000000000"
"0x0000000000000000000000000000000000000813","81300000000000000000"
"0x0000000000000000000000000000000000000814","81400000000000000000"
"0x0000000000000000000000000000000000000815","81500000000000000000"
"0x0000000000000000000000000000000000000816","81600000000000000000"
"0x0000000000000000000000000000000000000817","81700000000000000000"
"0x0000000000000000000000000000000000000818","81800000000000000000"
"0x0000000000000000000000000000000000000819","81900000000000000000"
"0x0000000000000000000000000000000000000820","82000000000000000000"
"0x0000000000000000000000000000000000000821","82100000000000000000"
"0x0000000000000000000000000000000000000822","82200000000000000000"
"0x0000000000000000000000000000000000000823","82300000000000000000"
"0x0000000000000000000000000000000000000824","82400000000000000000"
"0x0000000000000000000000000000000000000825","82500000000000000000"
"0x0000000000000000000000000000000000000826","82600000000000000000"
"0x0000000000000000000000000000000000000827","82700000000000000000"
"0x0000000000000000000000000000000000000828","82800000000000000000"
"0x0000000000000000000000000000000000000829","82900000000000000000"
"0x0000000000000000000000000000000000000830","83000000000000000000"
"0x0000000000000000000000000000000000000831","83100000000000000000"
"0x0000000000000000000000000000000000000832","83200000000000000000"
"0x0000000000000000000000000000000000000833","83300000000000000000"
"0x0000000000000000000000000000000000000834","83400000000000000000"
"0x0000000000000000000000000000000000000835","83500000000000000000"
"0x0000000000000000000000000000000000000836","83600000000000000000"
"0x0000000000000000000000000000000000000837","83700000000000000000"
"0x0000000000000000000000000000000000000838","83800000000000000000"
"0x0000000000000000000000000000000000000839","83900000000000000000"
"0x0000000000000000000000000000000000000840","84000000000000000000"
"0x0000000000000000000000000000000000000841","84100000000000000000"
"0x0000000000000000000000000000000000000842","84200000000000000000"
"0x0000000000000000000000000000000000000843","84300000000000000000"
"0x0000000000000000000000000000000000000844","84400000000000000000"
"0x0000000000000000000000000000000000000845","84500000000000000000"
"0x0000000000000000000000000000000000000846","84600000000000000000"
"0x0000000000000000000000000000000000000847","84700000000000000000"
"0x0000000000000000000000000000000000000848","84800000000000000000"
"0x0000000000000000000000000000000000000849","84900000000000000000"
"0x0000000000000000000000000000000000000850","85000000000000000000"
"0x0000000000000000000000000000000000000851","85100000000000000000"
"0x0000000000000000000000000000000000000852","85200000000000000000"
"0x0000000000000000000000000000000000000853","85300000000000000000"
"0x0000000000000000000000000000000000000854","85400000000000000000"
"0x0000000000000000000000000000000000000855","85500000000000000000"
"0x0000000000000000000000000000000000000856","85600000000000000000"
"0x0000000000000000000000000000000000000857","85700000000000000000"
"0x0000000000000000000000000000000000000858","85800000000000000000"
"0x0000000000000000000000000000000000000859","85900000000000000000"
"0x0000000000000000000000000000000000000860","86000000000000000000"
"0x0000000000000000000000000000000000000861","86100000000000000000"
"0x0000000000000000000000000000000000000862","86200000000000000000"
"0x0000000000000000000000000000000000000863","86300000000000000000"
"0x0000000000000000000000000000000000000864","86400000000000000000"
"0x0000000000000000000000000000000000000865","86500000000000000000"
"0x0000000000000000000000000000000000000866","86600000000000000000"
"0x0000000000000000000000000000000000000867","86700000000000000000"
"0x0000000000000000000000000000000000000868","86800000000000000000"
"0x0000000000000000000000000000000000000869","86900000000000000000"
"0x0000000000000000000000000000000000000870","87000000000000000000"
"0x0000000000000000000000000000000000000871","87100000000000000000"
"0x0000000000000000000000000000000000000872","87200000000000000000"
"0x0000000000000000000000000000000000000873","87300000000000000000"
"0x0000000000000000000000000000000000000874","87400000000000000000"
"0x0000000000000000000000000000000000000875","87500000000000000000"
"0x0000000000000000000000000000000000000876","87600000000000000000"
"0x0000000000000000000000000000000000000877","87700000000000000000"
"0x0000000000000000000000000000000000000878","87800000000000000000"
"0x0000000000000000000000000000000000000879","87900000000000000000"
"0x0000000000000000000000000000000000000880","88000000000000000000"
"0x0000000000000000000000000000000000000881","88100000000000000000"
"0x0000000000000000000000000000000000000882","88200000000000000000"
"0x0000000000000000000000000000000000000883","88300000000000000000"
"0x0000000000000000000000000000000000000884","88400000000000000000"
"0x0000000000000000000000000000000000000885","88500000000000000000"
"0x0000000000000000000000000000000000000886","88600000000000000000"
"0x0000000000000000000000000000000000000887","88700000000000000000"
"0x0000000000000000000000000000000000000888","88800000000000000000"
"0x0000000000000000000000000000000000000889","88900000000000000000"
"0x0000000000000000000000000000000000000890","89000000000000000000"
"0x0000000000000000000000000000000000000891","89100000000000000000"
"0x0000000000000000000000000000000000000892","89200000000000000000"
"0x0000000000000000000000000000000000000893","89300000000000000000"
"0x0000000000000000000000000000000000000894","89400000000000000000"
"0x0000000000000000000000000000000000000895","89500000000000000000"
"0x0000000000000000000000000000000000000896","89600000000000000000"
"0x0000000000000000000000000000000000000897","89700000000000000000"
"0x0000000000000000000000000000000000000898","89800000000000000000"
"0x0000000000000000000000000000000000000899","89900000000000000000"
"0x0000000000000000000000000000000000000900","90000000000000000000"
"0x0000000000000000000000000000000000000901","90100000000000000000"
"0x0000000000000000000000000000000000000902","90200000000000000000"
"0x0000000000000000000000000000000000000903","90300000000000000000"
"0x0000000000000000000000000000000000000904","90400000000000000000"
"0x0000000000000000000000000000000000000905","90500000000000000000"
"0x0000000000000000000000000000000000000906","90600000000000000000"
"0x0000000000000000000000000000000000000907","90700000000000000000"
"0x0000000000000000000000000000000000000908","90800000000000000000"
"0x0000000000000000000000000000000000000909","90900000000000000000"
"0x0000000000000000000000000000000000000910","91000000000000000000"
"0x0000000000000000000000000000000000000911","91100000000000000000"
"0x0000000000000000000000000000000000000912","91200000000000000000"
"0x0000000000000000000000000000000000000913","91300000000000000000"
"0x0000000000000000000000000000000000000914","91400000000000000000"
"0x0000000000000000000000000000000000000915","91500000000000000000"
"0x0000000000000000000000000000000000000916","91600000000000000000"
"0x0000000000000000000000000000000000000917","91700000000000000000"
"0x0000000000000000000000000000000000000918","91800000000000000000"
"0x0000000000000000000000000000000000000919","91900000000000000000"
"0x0000000000000000000000000000000000000920","92000000000000000000"
"0x0000000000000000000000000000000000000921","92100000000000000000"
"0x0000000000000000000000000000000000000922","92200000000000000000"
"0x0000000000000000000000000000000000000923","92300000000000000000"
"0x0000000000000000000000000000000000000924","92400000000000000000"
"0x0000000000000000000000000000000000000925","92500000000000000000"
"0x0000000000000000000000000000000000000926","92600000000000000000"
"0x0000000000000000000000000000000000000927","92700000000000000000"
"0x0000000000000000000000000000000000000928","92800000000000000000"
"0x0000000000000000000000000000000000000929","92900000000000000000"
"0x0000000000000000000000000000000000000930","93000000000000000000"
"0x0000000000000000000000000000000000000931","93100000000000000000"
"0x0000000000000000000000000000000000000932","93200000000000000000"
"0x0000000000000000000000000000000000000933","93300000000000000000"
"0x0000000000000000000000000000000000000934","93400000000000000000"
"0x0000000000000000000000000000000000000935","93500000000000000000"
"0x0000000000000000000000000000000000000936","93600000000000000000"
"0x0000000000000000000000000000000000000937","93700000000000000000"
"0x0000000000000000000000000000000000000938","93800000000000000000"
"0x0000000000000000000000000000000000000939","93900000000000000000"
"0x0000000000000000000000000000000000000940","94000000000000000000"
"0x0000000000000000000000000000000000000941","94100000000000000000"
"0x0000000000000000000000000000000000000942","94200000000000000000"
"0x0000000000000000000000000000000000000943","94300000000000000000"
"0x0000000000000000000000000000000000000944","94400000000000000000"
"0x0000000000000000000000000000000000000945","94500000000000000000"
"0x0000000000000000000000000000000000000946","94600000000000000000"
"0x0000000000000000000000000000000000000947","94700000000000000000"
"0x0000000000000000000000000000000000000948","94800000000000000000"
"0x0000000000000000000000000000000000000949","94900000000000000000"
"0x0000000000000000000000000000000000000950","95000000000000000000"
"0x0000000000000000000000000000000000000951","95100000000000000000"
"0x0000000000000000000000000000000000000952","95200000000000000000"
"0x0000000000000000000000000000000000000953","95300000000000000000"
"0x0000000000000000000000000000000000000954","95400000000000000000"
"0x0000000000000000000000000000000000000955","95500000000000000000"
"0x0000000000000000000000000000000000000956","95600000000000000000"
"0x0000000000000000000000000000000000000957","95700000000000000000"
"0x0000000000000000000000000000000000000958","95800000000000000000"
"0x0000000000000000000000000000000000000959","95900000000000000000"
"0x0000000000000000000000000000000000000960","96000000000000000000"
"0x0000000000000000000000000000000000000961","96100000000000000000"
"0x0000000000000000000000000000000000000962","96200000000000000000"
"0x0000000000000000000000000000000000000963","96300000000000000000"
"0x0000000000000000000000000000000000000964","96400000000000000000"
"0x0000000000000000000000000000000000000965","96500000000000000000"
"0x0000000000000000000000000000000000000966","96600000000000000000"
"0x0000000000000000000000000000000000000967","96700000000000000000"
"0x0000000000000000000000000000000000000968","96800000000000000000"
"0x0000000000000000000000000000000000000969","96900000000000000000"
"0x0000000000000000000000000000000000000970","97000000000000000000"
"0x0000000000000000000000000000000000000971","97100000000000000000"
"0x0000000000000000000000000000000000000972","97200000000000000000"
"0x0000000000000000000000000000000000000973","97300000000000000000"
"0x0000000000000000000000000000000000000974","97400000000000000000"
"0x0000000000000000000000000000000000000975","97500000000000000000"
"0x0000000000000000000000000000000000000976","97600000000000000000"
"0x0000000000000000000000000000000000000977","97700000000000000000"
"0x0000000000000000000000000000000000000978","97800000000000000000"
"0x0000000000000000000000000000000000000979","97900000000000000000"
"0x0000000000000000000000000000000000000980","98000000000000000000"
"0x0000000000000000000000000000000000000981","98100000000000000000"
"0x0000000000000000000000000000000000000982","98200000000000000000"
"0x0000000000000000000000000000000000000983","98300000000000000000"
"0x0000000000000000000000000000000000000984","98400000000000000000"
"0x0000000000000000000000000000000000000985","98500000000000000000"
"0x0000000000000000000000000000000000000986","98600000000000000000"
"0x0000000000000000000000000000000000000987","98700000000000000000"
"0x0000000000000000000000000000000000000988","98800000000000000000"
"0x0000000000000000000000000000000000000989","98900000000000000000"
"0x0000000000000000000000000000000000000990","99000000000000000000"
"0x0000000000000000000000000000000000000991","99100000000000000000"
"0x0000000000000000000000000000000000000992","99200000000000000000"
"0x0000000000000000000000000000000000000993","99300000000000000000"
"0x0000000000000000000000000000000000000994","99400000000000000000"
"0x0000000000000000000000000000000000000995","99500000000000000000"
"0x0000000000000000000000000000000000000996","99600000000000000000"
"0x0000000000000000000000000000000000000997","99700000000000000000"
"0x0000000000000000000000000000000000000998","99800000000000000000"
"0x0000000000000000000000000000000000000999","99900000000000000000"
"0x0000000000000000000000000000000000001000","100000000000000000000"
"0x0000000000000000000000000000000000001001","100100000000000000000"
"0x0000000000000000000000000000000000001002","100200000000000000000"
"0x0000000000000000000000000000000000001003","100300000000000000000"
"0x0000000000000000000000000000000000001004","100400000000000000000"
"0x0000000000000000000000000000000000001005","100500000000000000000"
"0x0000000000000000000000000000000000001006","100600000000000000000"
"0x0000000000000000000000000000000000001007","100700000000000000000"
"0x0000000000000000000000000000000000001008","100800000000000000000"
"0x0000000000000000000000000000000000001009","100900000000000000000"
"0x0000000000000000000000000000000000001010","101000000000000000000"
"0x0000000000000000000000000000000000001011","101100000000000000000"
"0x0000000000000000000000000000000000001012","101200000000000000000"
"0x0000000000000000000000000000000000001013","101300000000000000000"
"0x0000000000000000000000000000000000001014","101400000000000000000"
"0x0000000000000000000000000000000000001015","101500000000000000000"
"0x0000000000000000000000000000000000001016","101600000000000000000"
"0x0000000000000000000000000000000000001017","101700000000000000000"
"0x0000000000000000000000000000000000001018","101800000000000000000"
"0x0000000000000000000000000000000000001019","101900000000000000000"
"0x0000000000000000000000000000000000001020","102000000000000000000"
"0x0000000000000000000000000000000000001021","102100000000000000000"
"0x0000000000000000000000000000000000001022","102200000000000000000"
"0x0000000000000000000000000000000000001023","102300000000000000000"
"0x0000000000000000000000000000000000001024","102400000000000000000"
"0x0000000000000000000000000000000000001025","102500000000000000000"
"0x0000000000000000000000000000000000001026","102600000000000000000"
"0x0000000000000000000000000000000000001027","102700000000000000000"
"0x0000000000000000000000000000000000001028","102800000000000000000"
"0x0000000000000000000000000000000000001029","102900000000000000000"
"0x0000000000000000000000000000000000001030","103000000000000000000"
"0x0000000000000000000000000000000000001031","103100000000000000000"
"0x0000000000000000000000000000000000001032","103200000000000000000"
"0x0000000000000000000000000000000000001033","103300000000000000000"
"0x0000000000000000000000000000000000001034","103400000000000000000"
"0x0000000000000000000000000000000000001035","103500000000000000000"
"0x0000000000000000000000000000000000001036","103600000000000000000"
"0x0000000000000000000000000000000000001037","103700000000000000000"
"0x0000000000000000000000000000000000001038","103800000000000000000"
"0x0000000000000000000000000000000000001039","103900000000000000000"
"0x0000000000000000000000000000000000001040","104000000000000000000"
"0x0000000000000000000000000000000000001041","104100000000000000000"
"0x0000000000000000000000000000000000001042","104200000000000000000"
"0x0000000000000000000000000000000000001043","104300000000000000000"
"0x0000000000000000000000000000000000001044","104400000000000000000"
"0x0000000000000000000000000000000000001045","104500000000000000000"
"0x0000000000000000000000000000000000001046","104600000000000000000"
"0x0000000000000000000000000000000000001047","104700000000000000000"
"0x0000000000000000000000000000000000001048","104800000000000000000"
"0x0000000000000000000000000000000000001049","104900000000000000000"
"0x0000000000000000000000000000000000001050","105000000000000000000"
"0x0000000000000000000000000000000000001051","105100000000000000000"
"0x0000000000000000000000000000000000001052","105200000000000000000"
"0x0000000000000000000000000000000000001053","105300000000000000000"
"0x0000000000000000000000000000000000001054","105400000000000000000"
"0x0000000000000000000000000000000000001055","105500000000000000000"
"0x0000000000000000000000000000000000001056","105600000000000000000"
"0x0000000000000000000000000000000000001057","105700000000000000000"
"0x0000000000000000000000000000000000001058","105800000000000000000"
"0x0000000000000000000000000000000000001059","105900000000000000000"
"0x0000000000000000000000000000000000001060","106000000000000000000"
"0x0000000000000000000000000000000000001061","106100000000000000000"
"0x0000000000000000000000000000000000001062","106200000000000000000"
"0x0000000000000000000000000000000000001063","106300000000000000000"
"0x0000000000000000000000000000000000001064","106400000000000000000"
"0x0000000000000000000000000000000000001065","106500000000000000000"
"0x0000000000000000000000000000000000001066","106600000000000000000"
"0x0000000000000000000000000000000000001067","106700000000000000000"
"0x0000000000000000000000000000000000001068","106800000000000000000"
"0x0000000000000000000000000000000000001069","106900000000000000000"
"0x0000000000000000000000000000000000001070","107000000000000000000"
"0x0000000000000000000000000000000000001071","107100000000000000000"
"0x0000000000000000000000000000000000001072","107200000000000000000"
"0x0000000000000000000000000000000000001073","107300000000000000000"
"0x0000000000000000000000000000000000001074","107400000000000000000"
"0x0000000000000000000000000000000000001075","107500000000000000000"
"0x0000000000000000000000000000000000001076","107600000000000000000"
"0x0000000000000000000000000000000000001077","107700000000000000000"
"0x0000000000000000000000000000000000001078","107800000000000000000"
"0x0000000000000000000000000000000000001079","107900000000000000000"
"0x0000000000000000000000000000000000001080","108000000000000000000"
"0x0000000000000000000000000000000000001081","108100000000000000000"
"0x0000000000000000000000000000000000001082","108200000000000000000"
"0x0000000000000000000000000000000000001083","108300000000000000000"
"0x0000000000000000000000000000000000001084","108400000000000000000"
"0x0000000000000000000000000000000000001085","108500000000000000000"
"0x0000000000000000000000000000000000001086","108600000000000000000"
"0x0000000000000000000000000000000000001087","108700000000000000000"
"0x0000000000000000000000000000000000001088","108800000000000000000"
"0x0000000000000000000000000000000000001089","108900000000000000000"
"0x0000000000000000000000000000000000001090","109000000000000000000"
"0x0000000000000000000000000000000000001091","109100000000000000000"
"0x0000000000000000000000000000000000001092","109200000000000000000"
"0x0000000000000000000000000000000000001093","109300000000000000000"
"0x0000000000000000000000000000000000001094","109400000000000000000"
"0x0000000000000000000000000000000000001095","109500000000000000000"
"0x0000000000000000000000000000000000001096","109600000000000000000"
"0x0000000000000000000000000000000000001097","109700000000000000000"
"0x0000000000000000000000000000000000001098","109800000000000000000"
"0x0000000000000000000000000000000000001099","109900000000000000000"
"0x0000000000000000000000000000000000001100","110000000000000000000"
"0x0000000000000000000000000000000000001101","110100000000000000000"
"0x0000000000000000000000000000000000001102","110200000000000000000"
"0x0000000000000000000000000000000000001103","110300000000000000000"
"0x0000000000000000000000000000000000001104","110400000000000000000"
"0x0000000000000000000000000000000000001105","110500000000000000000"
"0x0000000000000000000000000000000000001106","110600000000000000000"
"0x0000000000000000000000000000000000001107","110700000000000000000"
"0x0000000000000000000000000000000000001108","110800000000000000000"
"0x0000000000000000000000000000000000001109","110900000000000000000"
"0x0000000000000000000000000000000000001110","111000000000000000000"
"0x0000000000000000000000000000000000001111","111100000000000000000"
"0x0000000000000000000000000000000000001112","111200000000000000000"
"0x0000000000000000000000000000000000001113","111300000000000000000"
"0x0000000000000000000000000000000000001114","111400000000000000000"
"0x0000000000000000000000000000000000001115","111500000000000000000"
"0x0000000000000000000000000000000000001116","111600000000000000000"
"0x0000000000000000000000000000000000001117","111700000000000000000"
"0x0000000000000000000000000000000000001118","111800000000000000000"
"0x0000000000000000000000000000000000001119","111900000000000000000"
"0x0000000000000000000000000000000000001120","112000000000000000000"
"0x0000000000000000000000000000000000001121","112100000000000000000"
"0x0000000000000000000000000000000000001122","112200000000000000000"
"0x0000000000000000000000000000000000001123","112300000000000000000"
"0x0000000000000000000000000000000000001124","112400000000000000000"
"0x0000000000000000000000000000000000001125","112500000000000000000"
"0x0000000000000000000000000000000000001126","112600000000000000000"
"0x0000000000000000000000000000000000001127","112700000000000000000"
"0x0000000000000000000000000000000000001128","112800000000000000000"
"0x0000000000000000000000000000000000001129","112900000000000000000"
"0x0000000000000000000000000000000000001130","113000000000000000000"
"0x0000000000000000000000000000000000001131","113100000000000000000"
"0x0000000000000000000000000000000000001132","113200000000000000000"
"0x0000000000000000000000000000000000001133","113300000000000000000"
"0x0000000000000000000000000000000000001134","113400000000000000000"
"0x0000000000000000000000000000000000001135","113500000000000000000"
"0x0000000000000000000000000000000000001136","113600000000000000000"
"0x0000000000000000000000000000000000001137","113700000000000000000"
"0x0000000000000000000000000000000000001138","113800000000000000000"
"0x0000000000000000000000000000000000001139","113900000000000000000"
"0x0000000000000000000000000000000000001140","114000000000000000000"
"0x0000000000000000000000000000000000001141","114100000000000000000"
"0x0000000000000000000000000000000000001142","114200000000000000000"
"0x0000000000000000000000000000000000001143","114300000000000000000"
"0x0000000000000000000000000000000000001144","114400000000000000000"
"0x0000000000000000000000000000000000001145","114500000000000000000"
"0x0000000000000000000000000000000000001146","114600000000000000000"
"0x0000000000000000000000000000000000001147","114700000000000000000"
"0x0000000000000000000000000000000000001148","114800000000000000000"
"0x0000000000000000000000000000000000001149","114900000000000000000"
"0x0000000000000000000000000000000000001150","115000000000000000000"
"0x0000000000000000000000000000000000001151","115100000000000000000"
"0x0000000000000000000000000000000000001152","115200000000000000000"
"0x0000000000000000000000000000000000001153","115300000000000000000"
"0x0000000000000000000000000000000000001154","115400000000000000000"
"0x0000000000000000000000000000000000001155","115500000000000000000"
"0x0000000000000000000000000000000000001156","115600000000000000000"
"0x0000000000000000000000000000000000001157","115700000000000000000"
"0x0000000000000000000000000000000000001158","115800000000000000000"
"0x0000000000000000000000000000000000001159","115900000000000000000"
"0x0000000000000000000000000000000000001160","116000000000000000000"
"0x0000000000000000000000000000000000001161","116100000000000000000"
"0x0000000000000000000000000000000000001162","116200000000000000000"
"0x0000000000000000000000000000000000001163","116300000000000000000"
"0x0000000000000000000000000000000000001164","116400000000000000000"
"0x0000000000000000000000000000000000001165","116500000000000000000"
"0x0000000000000000000000000000000000001166","116600000000000000000"
"0x0000000000000000000000000000000000001167","116700000000000000000"
"0x0000000000000000000000000000000000001168","116800000000000000000"
"0x0000000000000000000000000000000000001169","116900000000000000000"
"0x0000000000000000000000000000000000001170","117000000000000000000"
"0x0000000000000000000000000000000000001171","117100000000000000000"
"0x0000000000000000000000000000000000001172","117200000000000000000"
"0x0000000000000000000000000000000000001173","117300000000000000000"
"0x0000000000000000000000000000000000001174","117400000000000000000"
"0x0000000000000000000000000000000000001175","117500000000000000000"
"0x0000000000000000000000000000000000001176","117600000000000000000"
"0x0000000000000000000000000000000000001177","117700000000000000000"
"0x0000000000000000000000000000000000001178","117800000000000000000"
"0x0000000000000000000000000000000000001179","117900000000000000000"
"0x0000000000000000000000000000000000001180","118000000000000000000"
"0x0000000000000000000000000000000000001181","118100000000000000000"
"0x0000000000000000000000000000000000001182","118200000000000000000"
"0x0000000000000000000000000000000000001183","118300000000000000000"
"0x0000000000000000000000000000000000001184","118400000000000000000"
"0x0000000000000000000000000000000000001185","118500000000000000000"
"0x0000000000000000000000000000000000001186","118600000000000000000"
"0x0000000000000000000000000000000000001187","118700000000000000000"
"0x0000000000000000000000000000000000001188","118800000000000000000"
"0x0000000000000000000000000000000000001189","118900000000000000000"
"0x0000000000000000000000000000000000001190","119000000000000000000"
"0x0000000000000000000000000000000000001191","119100000000000000000"
"0x0000000000000000000000000000000000001192","119200000000000000000"
"0x0000000000000000000000000000000000001193","119300000000000000000"
"0x0000000000000000000000000000000000001194","119400000000000000000"
"0x0000000000000000000000000000000000001195","119500000000000000000"
"0x0000000000000000000000000000000000001196","119600000000000000000"
"0x0000000000000000000000000000000000001197","119700000000000000000"
"0x0000000000000000000000000000000000001198","119800000000000000000"
"0x0000000000000000000000000000000000001199","119900000000000000000"
"0x0000000000000000000000000000000000001200","120000000000000000000"
"0x0000000000000000000000000000000000001201","120100000000000000000"
"0x0000000000000000000000000000000000001202","120200000000000000000"
"0x0000000000000000000000000000000000001203","120300000000000000000"
"0x0000000000000000000000000000000000001204","120400000000000000000"
"0x0000000000000000000000000000000000001205","120500000000000000000"
"0x0000000000000000000000000000000000001206","120600000000000000000"
"0x0000000000000000000000000000000000001207","120700000000000000000"
"0x0000000000000000000000000000000000001208","120800000000000000000"
"0x0000000000000000000000000000000000001209","120900000000000000000"
"0x0000000000000000000000000000000000001210","121000000000000000000"
"0x0000000000000000000000000000000000001211","121100000000000000000"
"0x0000000000000000000000000000000000001212","121200000000000000000"
"0x0000000000000000000000000000000000001213","121300000000000000000"
"0x0000000000000000000000000000000000001214","121400000000000000000"
"0x0000000000000000000000000000000000001215","121500000000000000000"
"0x0000000000000000000000000000000000001216","121600000000000000000"
"0x0000000000000000000000000000000000001217","121700000000000000000"
"0x0000000000000000000000000000000000001218","121800000000000000000"
"0x0000000000000000000000000000000000001219","121900000000000000000"
"0x0000000000000000000000000000000000001220","122000000000000000000"
"0x0000000000000000000000000000000000001221","122100000000000000000"
"0x0000000000000000000000000000000000001222","122200000000000000000"
"0x0000000000000000000000000000000000001223","122300000000000000000"
"0x0000000000000000000000000000000000001224","122400000000000000000"
"0x0000000000000000000000000000000000001225","122500000000000000000"
"0x0000000000000000000000000000000000001226","122600000000000000000"
"0x0000000000000000000000000000000000001227","122700000000000000000"
"0x0000000000000000000000000000000000001228","122800000000000000000"
"0x0000000000000000000000000000000000001229","122900000000000000000"
"0x0000000000000000000000000000000000001230","123000000000000000000"
"0x0000000000000000000000000000000000001231","123100000000000000000"
"0x0000000000000000000000000000000000001232","123200000000000000000"
"0x0000000000000000000000000000000000001233","123300000000000000000"
"0x0000000000000000000000000000000000001234","123400000000000000000"
"0x0000000000000000000000000000000000001235","123500000000000000000"
"0x0000000000000000000000000000000000001236","123600000000000000000"
"0x0000000000000000000000000000000000001237","123700000000000000000"
"0x0000000000000000000000000000000000001238","123800000000000000000"
"0x0000000000000000000000000000000000001239","123900000000000000000"
"0x0000000000000000000000000000000000001240","124000000000000000000"
"0x0000000000000000000000000000000000001241","124100000000000000000"
"0x0000000000000000000000000000000000001242","124200000000000000000"
"0x0000000000000000000000000000000000001243","124300000000000000000"
"0x0000000000000000000000000000000000001244","124400000000000000000"
"0x0000000000000000000000000000000000001245","124500000000000000000"
"0x0000000000000000000000000000000000001246","124600000000000000000"
"0x0000000000000000000000000000000000001247","124700000000000000000"
"0x0000000000000000000000000000000000001248","124800000000000000000"
"0x0000000000000000000000000000000000001249","124900000000000000000"
"0x0000000000000000000000000000000000001250","125000000000000000000"
"0x0000000000000000000000000000000000001251","125100000000000000000"
"0x0000000000000000000000000000000000001252","125200000000000000000"
"0x0000000000000000000000000000000000001253","125300000000000000000"
"0x0000000000000000000000000000000000001254","125400000000000000000"
"0x0000000000000000000000000000000000001255","125500000000000000000"
"0x0000000000000000000000000000000000001256","125600000000000000000"
"0x0000000000000000000000000000000000001257","125700000000000000000"
"0x0000000000000000000000000000000000001258","125800000000000000000"
"0x0000000000000000000000000000000000001259","125900000000000000000"
"0x0000000000000000000000000000000000001260","126000000000000000000"
"0x0000000000000000000000000000000000001261","126100000000000000000"
"0x0000000000000000000000000000000000001262","126200000000000000000"
"0x0000000000000000000000000000000000001263","126300000000000000000"
"0x0000000000000000000000000000000000001264","126400000000000000000"
"0x0000000000000000000000000000000000001265","126500000000000000000"
"0x0000000000000000000000000000000000001266","126600000000000000000"
"0x0000000000000000000000000000000000001267","126700000000000000000"
"0x0000000000000000000000000000000000001268","126800000000000000000"
"0x0000000000000000000000000000000000001269","126900000000000000000"
"0x0000000000000000000000000000000000001270","127000000000000000000"
"0x0000000000000000000000000000000000001271","127100000000000000000"
"0x0000000000000000000000000000000000001272","127200000000000000000"
"0x0000000000000000000000000000000000001273","127300000000000000000"
"0x0000000000000000000000000000000000001274","127400000000000000000"
"0x0000000000000000000000000000000000001275","127500000000000000000"
"0x0000000000000000000000000000000000001276","127600000000000000000"
"0x0000000000000000000000000000000000001277","127700000000000000000"
"0x0000000000000000000000000000000000001278","127800000000000000000"
"0x0000000000000000000000000000000000001279","127900000000000000000"
"0x0000000000000000000000000000000000001280","128000000000000000000"
"0x0000000000000000000000000000000000001281","128100000000000000000"
"0x0000000000000000000000000000000000001282","128200000000000000000"
"0x0000000000000000000000000000000000001283","128300000000000000000"
"0x0000000000000000000000000000000000001284","128400000000000000000"
"0x0000000000000000000000000000000000001285","128500000000000000000"
"0x0000000000000000000000000000000000001286","128600000000000000000"
"0x0000000000000000000000000000000000001287","128700000000000000000"
"0x0000000000000000000000000000000000001288","128800000000000000000"
"0x0000000000000000000000000000000000001289","128900000000000000000"
"0x0000000000000000000000000000000000001290","129000000000000000000"
"0x0000000000000000000000000000000000001291","129100000000000000000"
"0x0000000000000000000000000000000000001292","1292
